{
  "project_info": {
    "project_number": "288428100939",
    "firebase_url": "https://tareasfirebase-35db5.firebaseio.com",
    "project_id": "tareasfirebase-35db5",
    "storage_bucket": "tareasfirebase-35db5.appspot.com"
  },
  "client": [
    {
      "client_info": {
        "mobilesdk_app_id": "1:288428100939:android:208c8c28835c0079ef2cce",
        "android_client_info": {
          "package_name": "com.example.firebasedatabase"
        }
      },
      "oauth_client": [
        {
          "client_id": "288428100939-kn8nur5dm3mohdv4qkc1qbt579vhp1f5.apps.googleusercontent.com",
          "client_type": 1,
          "android_info": {
            "package_name": "com.example.firebasedatabase",
            "certificate_hash": "c66844990537f07c8b9a4d1d98cee497d22453a3"
          }
        },
        {
          "client_id": "288428100939-0451lds3p2iamo8denk6s1dnj73bpl58.apps.googleusercontent.com",
          "client_type": 3
        }
      ],
      "api_key": [
        {
          "current_key": "AIzaSyDeP0_rgxYYTv2JP9lHnQe1mBcXKPZggug"
        }
      ],
      "services": {
        "appinvite_service": {
          "other_platform_oauth_client": [
            {
              "client_id": "288428100939-0451lds3p2iamo8denk6s1dnj73bpl58.apps.googleusercontent.com",
              "client_type": 3
            }
          ]
        }
      }
    },
    {
      "client_info": {
        "mobilesdk_app_id": "1:288428100939:android:dd8c9fa8c07ad62eef2cce",
        "android_client_info": {
          "package_name": "com.example.ladm_u4p1_martinjimenez"
        }
      },
      "oauth_client": [
        {
          "client_id": "288428100939-vmnaja4b54tv1b7a7dvi85i29nq8th61.apps.googleusercontent.com",
          "client_type": 1,
          "android_info": {
            "package_name": "com.example.ladm_u4p1_martinjimenez",
            "certificate_hash": "c66844990537f07c8b9a4d1d98cee497d22453a3"
          }
        },
        {
          "client_id": "288428100939-0451lds3p2iamo8denk6s1dnj73bpl58.apps.googleusercontent.com",
          "client_type": 3
        }
      ],
      "api_key": [
        {
          "current_key": "AIzaSyDeP0_rgxYYTv2JP9lHnQe1mBcXKPZggug"
        }
      ],
      "services": {
        "appinvite_service": {
          "other_platform_oauth_client": [
            {
              "client_id": "288428100939-0451lds3p2iamo8denk6s1dnj73bpl58.apps.googleusercontent.com",
              "client_type": 3
            }
          ]
        }
      }
    }
  ],
  "configuration_version": "1"
}